,gnews_flair,gnews_tb_polarity,gnews_tb_subjectivity,gnews_sid_pos,gnews_sid_neg,gnews_sid_neu,gnews_sid_com
2019-01-01,-0.9897888888888888,0.08502750365755234,0.4302732547965141,0.092,0.04711111111111112,0.8610000000000001,0.6349444444444444
2019-01-02,-0.5764777777777778,0.07029350297262828,0.34482299828385404,0.08988888888888888,0.03177777777777778,0.8783333333333334,0.6933666666666666
2019-01-03,-0.5744555555555555,0.13999424661921622,0.4171395901327434,0.11611111111111112,0.043777777777777784,0.8403333333333333,0.9798666666666668
2019-01-04,-0.3416444444444444,0.09229642525318077,0.3901295479755736,0.09266666666666666,0.03222222222222222,0.8750000000000001,0.5549999999999999
2019-01-05,-0.7287999999999999,0.11433380074111313,0.4226721031670621,0.09133333333333332,0.022,0.8866666666666666,0.7546222222222222
2019-01-06,-0.9807444444444444,0.1450596542813737,0.43916665570099706,0.11266666666666665,0.0398888888888889,0.8474444444444446,0.7494888888888889
2019-01-07,-0.9795888888888888,0.09304522641863198,0.4169717200691419,0.0771111111111111,0.05288888888888888,0.8702222222222223,0.4316777777777777
2019-01-08,-0.9625888888888888,0.08046717572989748,0.3898947865225028,0.08711111111111111,0.056777777777777774,0.856,0.034811111111111084
2019-01-09,-0.7005888888888889,0.06883584364867702,0.3885884992650983,0.08255555555555555,0.053111111111111116,0.8644444444444445,0.5309444444444443
2019-01-10,-0.9996666666666668,0.10014967660503392,0.4489366384929015,0.09000000000000001,0.055444444444444435,0.8548888888888891,0.11041111111111107
2019-01-11,-0.3780555555555555,0.08320927770749445,0.4042903686369036,0.09955555555555556,0.03222222222222222,0.8682222222222223,0.8320666666666666
2019-01-12,-0.5925222222222223,0.0957557714845648,0.4059559562337275,0.09833333333333333,0.05322222222222222,0.8485555555555555,0.6453555555555556
2019-01-13,-0.9960555555555556,0.08230143363862892,0.4166428442344817,0.10855555555555554,0.06277777777777778,0.8286666666666666,0.7747
2019-01-14,-0.6133888888888889,0.06902025166191833,0.3643488857655355,0.07111111111111111,0.059,0.8699999999999999,0.1148222222222222
2019-01-15,-0.8040222222222223,0.07381135519140407,0.4138902115168175,0.08577777777777777,0.05166666666666666,0.8625555555555554,0.5227555555555556
2019-01-16,-0.6970444444444445,0.04998650132046778,0.375456755596033,0.08911111111111109,0.052888888888888895,0.8577777777777779,0.5450777777777778
2019-01-17,-0.3421,0.062126889630044174,0.30975359499357874,0.07877777777777778,0.03044444444444445,0.8907777777777777,0.5758555555555555
2019-01-18,-0.9261333333333336,0.07756832265739927,0.34219873885721785,0.0611111111111111,0.041888888888888885,0.8971111111111111,0.15252222222222225
2019-01-19,-0.7354444444444446,0.07042316999318474,0.329863762637096,0.07288888888888889,0.040999999999999995,0.8859999999999999,0.6134666666666667
2019-01-20,-0.8514666666666666,0.06660778206544235,0.24876337822364586,0.05711111111111111,0.03044444444444445,0.9125555555555556,0.5799444444444445
2019-01-21,-0.7599222222222222,0.07019630488026539,0.3757282409307002,0.08277777777777777,0.041888888888888885,0.875,0.7147777777777777
2019-01-22,-0.5462444444444444,0.09521092523417624,0.4150824188882166,0.10800000000000001,0.039000000000000014,0.8532222222222221,0.6212333333333333
2019-01-23,-0.7295666666666667,0.04075258309680493,0.3622659302455397,0.0661111111111111,0.056777777777777774,0.8770000000000001,0.3314333333333333
2019-01-24,-0.9172,0.0957672632667766,0.3448637961035971,0.091,0.03833333333333333,0.8707777777777778,0.7351222222222222
2019-01-25,-0.3236777777777778,0.09944218921660312,0.466914603499327,0.08588888888888889,0.042,0.872,0.6448
2019-01-26,-0.8043777777777777,0.12958536375578686,0.41836856220485424,0.10233333333333333,0.03744444444444445,0.8604444444444446,0.6880222222222222
2019-01-27,-0.8966333333333333,0.06420676581272416,0.3876019442361854,0.10611111111111113,0.057,0.8371111111111111,0.5495888888888889
2019-01-28,-0.9237111111111109,0.0932448229323416,0.3765199685782893,0.08255555555555556,0.04688888888888889,0.8706666666666666,0.10683333333333332
2019-01-29,-0.8025222222222221,0.0643596797601583,0.3837509066946752,0.08744444444444444,0.05322222222222223,0.8591111111111112,0.6480888888888888
2019-01-30,-0.5165222222222221,0.0491410073604996,0.2730077135091873,0.07022222222222223,0.04311111111111112,0.8868888888888891,0.1273
2019-01-31,-0.3345111111111111,0.07482645465770504,0.3329371272302377,0.08955555555555555,0.01933333333333333,0.8909999999999999,0.7004999999999999
2019-02-01,-0.9514888888888888,0.06939735230831133,0.4105875775779845,0.09544444444444444,0.04711111111111112,0.8575555555555555,0.4092333333333334
2019-02-02,-0.7708222222222223,0.08984925972352993,0.4125867953177511,0.10188888888888888,0.05866666666666667,0.8391111111111109,0.3374111111111111
2019-02-03,-0.9592777777777778,0.0642639423625559,0.4333450267653611,0.08922222222222223,0.043777777777777784,0.8671111111111113,0.4546111111111111
2019-02-04,-0.3195888888888889,0.08923746176960032,0.5009108605381952,0.06933333333333333,0.03911111111111111,0.8915555555555557,0.2360888888888889
2019-02-05,-0.7078222222222221,0.0823304172879757,0.3771892752184672,0.07722222222222222,0.06166666666666666,0.8611111111111112,0.3082888888888889
2019-02-06,-0.7316777777777778,0.051769582933408775,0.2791083784335058,0.06855555555555554,0.058888888888888886,0.8725555555555555,0.2522555555555556
2019-02-07,-0.13228888888888887,0.11407410072790213,0.45315236335672604,0.10477777777777778,0.03444444444444444,0.8606666666666666,0.8542111111111109
2019-02-08,-0.5455999999999999,0.06026674132865485,0.3952458040947147,0.08788888888888889,0.055,0.8573333333333334,0.4815
2019-02-09,-0.9608444444444444,0.056293499792839104,0.3652659861753637,0.0761111111111111,0.0598888888888889,0.8641111111111112,0.2394222222222222
2019-02-10,-0.4066444444444445,0.10656418942960044,0.4260478604859071,0.09588888888888887,0.03133333333333334,0.8726666666666667,0.8163111111111109
2019-02-11,-0.7458333333333332,0.11997953694874568,0.4457084329193748,0.0948888888888889,0.041888888888888885,0.8631111111111112,0.4960222222222222
2019-02-12,-0.5932444444444445,0.05982542527204721,0.3764943370179248,0.08333333333333331,0.05522222222222222,0.8617777777777778,0.4167222222222222
2019-02-13,-0.7572333333333333,0.0628023011198311,0.3851157673075266,0.06355555555555556,0.033777777777777775,0.9025555555555554,0.4287666666666666
2019-02-14,-0.7350888888888889,0.1000204346668207,0.4300606365233787,0.09088888888888892,0.023555555555555555,0.8854444444444445,0.7449666666666668
2019-02-15,-0.69,0.06296358930345858,0.3107987420773369,0.043222222222222224,0.02688888888888889,0.9297777777777776,0.3828888888888888
2019-02-16,-0.6386222222222222,0.10484269870172633,0.4280164731110183,0.10933333333333332,0.04522222222222223,0.8455555555555556,0.7684444444444444
2019-02-17,-0.6855222222222223,0.08664943561844582,0.3963374365147514,0.10033333333333333,0.048444444444444436,0.8513333333333333,0.7603777777777778
2019-02-18,-0.6511444444444445,0.14467965572998376,0.4701330942312993,0.10555555555555557,0.043,0.8515555555555555,0.4704555555555555
2019-02-19,-0.3072555555555556,0.08324976774677581,0.382460675418859,0.11233333333333334,0.027444444444444445,0.8603333333333333,0.9791888888888888
2019-02-20,-0.6022111111111111,0.0802128250134361,0.41187830476603415,0.08955555555555554,0.03211111111111112,0.8781111111111112,0.7535666666666666
2019-02-21,0.015400000000000006,0.08649796705551098,0.4160172841120302,0.09077777777777778,0.028222222222222218,0.8809999999999999,0.7712555555555557
2019-02-22,-0.8065888888888891,0.0678440576362155,0.4070754266527598,0.08311111111111111,0.041000000000000016,0.8758888888888889,0.7969888888888891
2019-02-23,-0.9042111111111112,0.07498326408078733,0.413601230105436,0.1107777777777778,0.042444444444444465,0.8467777777777779,0.7694333333333332
2019-02-24,-0.4694555555555556,0.09159724818959994,0.4265031837459647,0.097,0.054444444444444434,0.8486666666666667,0.5286444444444444
2019-02-25,-0.7620555555555556,0.08946369366156001,0.3819953561378682,0.08311111111111112,0.04611111111111112,0.8708888888888889,0.4650888888888888
2019-02-26,-0.3529111111111111,0.06965984201991254,0.3440277443932672,0.07455555555555554,0.015555555555555557,0.9097777777777778,0.8545555555555555
2019-02-27,-0.5007111111111111,0.10188912475361248,0.44335606714875,0.08877777777777777,0.033,0.8783333333333334,0.4871777777777778
2019-02-28,-0.9420444444444444,0.0863134548299523,0.3979268835962118,0.08822222222222223,0.05366666666666667,0.8580000000000001,0.4183888888888889
2019-03-01,-0.7317777777777779,0.11851661831800198,0.4342116747362261,0.11177777777777777,0.02866666666666667,0.8596666666666667,0.9075555555555554
2019-03-02,-0.3719111111111111,0.19044910146096347,0.473539937999597,0.14255555555555555,0.03144444444444445,0.8260000000000001,0.9736777777777778
2019-03-03,-0.6405444444444445,0.08361484593745314,0.32801252103849043,0.07455555555555554,0.03277777777777777,0.8925555555555555,0.7667444444444445
2019-03-04,-0.3561444444444445,0.07287970510936996,0.40047427348215403,0.07811111111111113,0.04344444444444446,0.8781111111111111,0.3233
2019-03-05,-0.5254,0.044028273917459136,0.44220999783014797,0.07500000000000001,0.06233333333333334,0.8627777777777778,0.42962222222222224
2019-03-06,-0.8642111111111109,0.02187510843043701,0.3168005913565656,0.06744444444444446,0.03588888888888889,0.8964444444444442,0.7539222222222222
2019-03-07,-0.5261,0.12517434654076556,0.4441847881001093,0.06755555555555558,0.025333333333333333,0.9071111111111112,0.6503666666666666
2019-03-08,-0.7964,0.07568929135521438,0.3760115949459995,0.08288888888888889,0.067,0.8498888888888889,0.5002222222222222
2019-03-09,-0.7567777777777778,0.030512102654504106,0.35572087758411497,0.07888888888888887,0.051777777777777784,0.8694444444444444,0.3026
2019-03-10,-0.5356333333333334,0.09024160216913056,0.4117424986847098,0.0838888888888889,0.039222222222222235,0.8768888888888888,0.7823222222222221
2019-03-11,-0.1793111111111111,0.11003825879707202,0.39934107883967856,0.09288888888888887,0.04466666666666667,0.8626666666666667,0.6110444444444444
2019-03-12,-0.3403333333333334,0.04854859451910039,0.3607496717735226,0.1007777777777778,0.052333333333333336,0.8468888888888889,0.7123666666666666
2019-03-13,-0.9724444444444446,0.08800372096494524,0.3806021121681537,0.08,0.054000000000000006,0.8655555555555556,0.4188333333333333
2019-03-14,-0.8087555555555554,0.07773879540210066,0.4254392953354724,0.07422222222222223,0.07177777777777777,0.8539999999999999,0.004377777777777776
2019-03-15,-0.5379555555555556,0.09592595276030992,0.4100756085035353,0.10422222222222224,0.05622222222222222,0.8396666666666668,0.6799666666666667
2019-03-16,-0.22068888888888888,0.09940613572935,0.3979480717805122,0.06422222222222222,0.03911111111111112,0.8966666666666667,0.1340222222222222
2019-03-17,-0.4986111111111111,0.10311426451554656,0.4140500336040616,0.11599999999999999,0.03766666666666668,0.8463333333333334,0.9731888888888891
2019-03-18,-0.3149888888888889,0.08267989738165507,0.3640267473482546,0.08166666666666668,0.030777777777777782,0.8874444444444445,0.745
2019-03-19,-0.950077777777778,0.07719889819668473,0.41407876985689424,0.07966666666666668,0.04566666666666666,0.8748888888888888,0.6545999999999998
2019-03-20,-0.5831222222222221,0.13509772770830353,0.4262028832979926,0.11233333333333334,0.02788888888888889,0.86,0.6635222222222221
2019-03-21,-0.1281888888888889,0.10517235865867848,0.4193420396928087,0.08577777777777777,0.035222222222222224,0.8788888888888889,0.7591777777777778
2019-03-22,-0.7415,0.08673930004221624,0.4243652512423817,0.1122222222222222,0.03322222222222223,0.8547777777777779,0.5896333333333333
2019-03-23,-0.5659555555555555,0.08296894827472992,0.3338078300156496,0.08277777777777777,0.06677777777777777,0.8505555555555556,0.4318777777777778
2019-03-24,-0.7029444444444445,0.1008792283237517,0.3766842771524568,0.09177777777777778,0.037555555555555564,0.8705555555555555,0.7541333333333333
2019-03-25,-0.7114444444444443,0.13207721706541842,0.44149448877963904,0.11677777777777774,0.035444444444444445,0.8476666666666667,0.7449888888888889
2019-03-26,-0.9978888888888888,0.06293198609790822,0.4526420438473266,0.06933333333333334,0.04733333333333333,0.8832222222222224,0.3325222222222222
2019-03-27,-0.1701888888888889,0.062385993558861035,0.33124505828992834,0.08233333333333333,0.041222222222222216,0.8764444444444446,0.517
2019-03-28,-0.7116444444444445,0.10892706334864707,0.4365048602963775,0.121,0.049888888888888885,0.8292222222222223,0.5997555555555556
2019-03-29,-0.9610111111111111,0.06398374123083214,0.3221611745682771,0.06777777777777777,0.04844444444444445,0.8835555555555554,0.24834444444444445
2019-03-30,-0.5437555555555557,0.053688454059492484,0.4190409461327184,0.07622222222222222,0.03766666666666666,0.8861111111111112,0.5618888888888889
2019-03-31,-0.9313555555555556,0.0584640581855091,0.4145543579192944,0.08422222222222223,0.06755555555555556,0.8483333333333335,0.3432333333333333
2019-04-01,-0.6832888888888888,0.1180814934007392,0.4192715570554341,0.11,0.046000000000000006,0.8438888888888889,0.4267111111111111
2019-04-02,-0.7605111111111111,0.15742993148242804,0.4893469378457328,0.11666666666666667,0.02155555555555556,0.8616666666666668,0.8071555555555556
2019-04-03,-0.5257444444444446,0.09673063523887317,0.4306083256998508,0.09188888888888888,0.03155555555555555,0.8765555555555556,0.6787222222222221
2019-04-04,-0.34294444444444444,0.08727994542172136,0.38705983369948654,0.07533333333333332,0.04722222222222222,0.8774444444444445,0.35514444444444443
2019-04-05,-0.9618777777777778,0.10102858986889693,0.4531811004742263,0.0957777777777778,0.041777777777777775,0.8623333333333334,0.6862555555555555
2019-04-06,-0.21425555555555556,0.0723688520439152,0.3621742822523172,0.08700000000000001,0.04622222222222222,0.8666666666666666,0.6591222222222223
2019-04-07,-0.5321333333333332,0.154787294278391,0.4330987414589403,0.10788888888888888,0.037111111111111116,0.855,0.6340222222222223
2019-04-08,-0.9896777777777778,0.02761752586375277,0.3617826666788175,0.07822222222222222,0.05555555555555555,0.8662222222222221,0.3712888888888888
2019-04-09,-0.6976333333333333,0.09219751262840407,0.400283153173037,0.07855555555555556,0.05466666666666667,0.8668888888888887,-0.01947777777777786
2019-04-10,-0.9639333333333332,0.09415748195970444,0.41004389894380255,0.099,0.04166666666666666,0.8596666666666666,0.9079666666666666
2019-04-11,-0.08078888888888891,0.09189277363382273,0.4431381438341219,0.09811111111111112,0.035888888888888894,0.8657777777777778,0.7214444444444444
2019-04-12,-0.9796111111111112,0.06722472466409993,0.390752823094872,0.07466666666666666,0.05500000000000002,0.8702222222222223,0.25932222222222223
2019-04-13,-0.4574666666666666,0.07288401448899079,0.29960200906896833,0.06388888888888887,0.03044444444444445,0.9053333333333332,0.4306555555555556
2019-04-14,-0.9265888888888888,0.09468893211875606,0.4104459371943062,0.10044444444444443,0.037111111111111116,0.8624444444444445,0.8017666666666667
2019-04-15,-0.3814444444444445,0.04945160527713285,0.35580590312717275,0.077,0.042777777777777776,0.8805555555555555,0.5598666666666667
2019-04-16,-0.4722111111111112,0.12739600966006645,0.3566781897457903,0.10255555555555557,0.014333333333333332,0.8831111111111112,0.8526888888888888
2019-04-17,-0.5178222222222222,0.12796593506889709,0.4417540544618174,0.09633333333333333,0.02688888888888889,0.8767777777777775,0.7108777777777777
2019-04-18,-0.27698888888888884,0.13856709775104542,0.4059036420642949,0.09966666666666664,0.02811111111111111,0.8721111111111112,0.9577555555555556
2019-04-19,-0.5348111111111111,0.07095984760750226,0.4051111349777762,0.09244444444444444,0.04422222222222223,0.8635555555555555,0.4917444444444444
2019-04-20,-0.5058333333333332,0.0867364607438159,0.41424279239673023,0.10788888888888888,0.033,0.8588888888888889,0.9842666666666666
2019-04-21,-0.6220222222222221,0.04277147469422951,0.1924203580422991,0.04444444444444445,0.02488888888888889,0.9303333333333336,0.08711111111111111
2019-04-22,-0.5874222222222223,0.0727900178382907,0.3993297401988671,0.067,0.042888888888888886,0.8902222222222222,0.5182555555555556
2019-04-23,-0.9412666666666668,0.06012317565151753,0.3656899540664225,0.08122222222222222,0.038111111111111116,0.8805555555555555,0.6864111111111112
2019-04-24,-0.7891444444444446,0.06097910294575379,0.36361101156677467,0.07244444444444445,0.02333333333333333,0.9042222222222224,0.6031666666666667
2019-04-25,-0.9390555555555556,0.04745723901357815,0.3439915439741749,0.07155555555555555,0.06133333333333334,0.8673333333333333,0.0616222222222222
2019-04-26,-0.9155777777777776,0.070655652295015,0.3170387510149719,0.07366666666666667,0.036333333333333336,0.8901111111111111,0.1757444444444444
2019-04-27,-0.5680333333333334,0.09940157785617662,0.4430595128573297,0.08711111111111111,0.04255555555555556,0.8705555555555554,0.7649
2019-04-28,-0.7418666666666667,0.1541026563563773,0.42966513311930016,0.10166666666666667,0.03166666666666667,0.8665555555555556,0.7749222222222223
2019-04-29,-0.1364888888888889,0.031280729883326,0.22548521331140176,0.054000000000000006,0.020444444444444446,0.9255555555555556,0.3973555555555556
2019-04-30,-0.5576777777777777,0.08535034039199084,0.3636928350104125,0.06377777777777778,0.03955555555555556,0.8965555555555554,0.4036555555555556
2019-05-01,-0.7235444444444443,0.10786029785752273,0.38497873724934994,0.08322222222222223,0.04311111111111112,0.8737777777777778,0.4408666666666667
2019-05-02,-0.7187333333333333,0.13625845984000626,0.4546467129706576,0.09622222222222222,0.03977777777777778,0.8640000000000001,0.639588888888889
2019-05-03,-0.9228777777777776,0.13539585857829944,0.4195092409593759,0.1127777777777778,0.04255555555555556,0.8444444444444443,0.6221555555555556
2019-05-04,-0.6207222222222222,0.0714731234076183,0.2371799529195339,0.050666666666666665,0.019444444444444445,0.9298888888888888,0.3442222222222222
2019-05-05,-0.6960777777777777,0.09090772342291988,0.2966916031789781,0.08033333333333333,0.022,0.8975555555555554,0.6497333333333333
2019-05-06,-0.7558777777777779,0.1259328074424854,0.4585635413072866,0.0947777777777778,0.03911111111111112,0.8657777777777778,0.7320333333333333
2019-05-07,-0.5415555555555556,0.08280753457185179,0.3555458320529201,0.064,0.04566666666666668,0.8904444444444444,0.18172222222222226
2019-05-08,-0.9981555555555556,0.09279072000890927,0.4202981941425683,0.07422222222222223,0.06477777777777778,0.8611111111111112,-0.016755555555555558
2019-05-09,-0.9836,0.06514547183221517,0.4035291755066697,0.08466666666666668,0.058888888888888886,0.8562222222222222,0.12093333333333335
2019-05-10,-0.8275555555555556,0.05929398719494056,0.4148645830159233,0.09300000000000001,0.0598888888888889,0.8472222222222223,0.08332222222222226
2019-05-11,-0.3694333333333334,0.0978987738799262,0.4251531505018349,0.11133333333333334,0.048000000000000015,0.8407777777777777,0.7445888888888891
2019-05-12,-0.5861888888888889,0.11226246605216972,0.4301947675894247,0.09955555555555556,0.032777777777777774,0.8675555555555556,0.9079666666666666
2019-05-13,-0.7031000000000001,0.10324685173822122,0.4342348136896914,0.0871111111111111,0.04633333333333334,0.8664444444444444,0.5638444444444445
2019-05-14,-0.9858111111111109,0.1816706806110609,0.4935471453778525,0.12511111111111112,0.03655555555555556,0.8382222222222224,0.7228333333333333
2019-05-15,-0.7505777777777778,0.11838707323343985,0.4027107510235605,0.09966666666666668,0.04344444444444445,0.8569999999999999,0.6462444444444445
2019-05-16,-0.8476666666666666,0.06380597806326133,0.3597263455867949,0.06344444444444444,0.024000000000000004,0.9127777777777778,0.6203444444444445
2019-05-17,-0.4939222222222222,0.1232149860732536,0.30078176220263625,0.05455555555555555,0.02388888888888889,0.9213333333333332,0.25995555555555555
2019-05-18,-0.13212222222222225,0.1284276539199195,0.465787104837028,0.10288888888888888,0.034555555555555555,0.8625555555555555,0.6067777777777779
2019-05-19,-0.4398666666666667,0.12269978879195942,0.4384958251606047,0.09977777777777776,0.048,0.8521111111111109,0.7294444444444443
2019-05-20,-0.5582888888888888,0.0902903217406624,0.4219265126689843,0.09955555555555556,0.04577777777777778,0.8547777777777777,0.7111111111111109
2019-05-21,-0.5673777777777779,0.1122011948166408,0.34810115237416395,0.09222222222222223,0.02666666666666666,0.8811111111111112,0.5902
2019-05-22,-0.9621333333333334,0.04805792427032416,0.3623746915633493,0.08733333333333332,0.04911111111111112,0.8638888888888888,0.6551888888888888
2019-05-23,-0.5971444444444445,0.11347123727393045,0.4168914403771803,0.08622222222222224,0.04688888888888889,0.8667777777777776,0.1524666666666667
2019-05-24,-0.7742999999999999,0.14157025642502696,0.44440593315321575,0.12055555555555555,0.045333333333333344,0.8342222222222221,0.8424333333333334
2019-05-25,-0.7474555555555554,0.005864895123885678,0.11180984683033164,0.017,0.017888888888888888,0.9651111111111113,0.0003111111111111016
2019-05-26,-0.7054777777777778,0.06356942969205423,0.3487864529404267,0.07955555555555555,0.05144444444444444,0.8690000000000001,0.5010888888888889
2019-05-27,-0.4934777777777779,0.11202261447891472,0.41363265472034666,0.12155555555555556,0.042777777777777776,0.8356666666666666,0.8744222222222223
2019-05-28,-0.5425555555555557,0.10523522504050947,0.4338681247894996,0.1227777777777778,0.05233333333333333,0.8248888888888889,0.896277777777778
2019-05-29,-0.3929555555555556,0.08179394420242571,0.3927070084915792,0.09822222222222222,0.04766666666666666,0.8542222222222222,0.5369111111111111
2019-05-30,-0.7340333333333332,0.07720743314920875,0.33507404228485915,0.07466666666666667,0.03188888888888888,0.8935555555555555,0.637
2019-05-31,-0.7358444444444445,0.12629236966599566,0.41129728373340974,0.09655555555555556,0.02788888888888889,0.8755555555555556,0.9229222222222222
2019-06-01,-0.7260111111111109,0.0753170804975734,0.3714447161667904,0.06844444444444446,0.041777777777777775,0.8896666666666666,0.4437222222222221
2019-06-02,-0.4010777777777778,0.09620109215032648,0.422379635657922,0.10588888888888888,0.033888888888888885,0.8602222222222222,0.9748444444444444
2019-06-03,-0.5597222222222222,0.16311954350509414,0.395387086177206,0.08911111111111113,0.03311111111111111,0.8777777777777778,0.3646111111111112
2019-06-04,-0.6336444444444446,0.07564722661319356,0.35775224577453657,0.09466666666666666,0.03311111111111111,0.872,0.7917555555555555
2019-06-05,-0.5465777777777777,0.09144660073667638,0.3799987614458146,0.07333333333333332,0.03411111111111111,0.8924444444444446,0.2694555555555555
2019-06-06,-0.5263222222222222,0.07777142449396601,0.4244046828282014,0.09355555555555556,0.04644444444444445,0.86,0.3814555555555556
2019-06-07,-0.9359666666666668,0.10769483714226674,0.4109238069216029,0.09733333333333333,0.049000000000000016,0.8540000000000001,0.3167111111111111
2019-06-08,-0.7605999999999999,0.08551351515106231,0.37574829518228464,0.08211111111111111,0.052111111111111115,0.8658888888888889,0.41067777777777775
2019-06-09,-0.3915000000000001,0.10668533230481378,0.4157509583336071,0.09300000000000001,0.04588888888888889,0.8608888888888891,0.773
2019-06-10,-0.09877777777777776,0.10488978469760184,0.3836221575726387,0.10255555555555557,0.03044444444444445,0.8668888888888889,0.7467111111111113
2019-06-11,-0.3103777777777778,0.1635862101321991,0.4121860165560201,0.11588888888888887,0.018111111111111116,0.8658888888888889,0.9094888888888888
2019-06-12,-0.5897999999999999,0.0983432177568202,0.3900295197724584,0.10388888888888888,0.04433333333333333,0.8517777777777777,0.6748888888888889
2019-06-13,-0.4718222222222221,0.12910908968242424,0.32949550719432696,0.08255555555555555,0.015555555555555557,0.9017777777777778,0.7046444444444444
2019-06-14,-0.7973,0.12422422354377995,0.42532100492487296,0.09222222222222222,0.027222222222222217,0.8807777777777779,0.6692111111111111
2019-06-15,-0.4615444444444444,0.03766854681882288,0.2236866735673621,0.05044444444444445,0.01933333333333333,0.9302222222222222,0.5299555555555555
2019-06-16,-0.3884333333333334,0.10949497977465224,0.4042158862923474,0.10966666666666666,0.036000000000000004,0.8543333333333334,0.9728111111111112
2019-06-17,-0.9935666666666668,0.1194717148142044,0.4194474094791032,0.08711111111111113,0.043777777777777784,0.8690000000000001,0.2570999999999999
2019-06-18,-0.7222333333333334,0.10789079550631958,0.4160308717453395,0.07466666666666666,0.029333333333333336,0.8959999999999999,0.4576222222222222
2019-06-19,-0.26559999999999995,0.10164217027701772,0.3517350022030692,0.08777777777777777,0.027666666666666662,0.8844444444444446,0.6250444444444444
2019-06-20,-0.21513333333333334,0.12945042791054984,0.4223983217041286,0.08988888888888888,0.02466666666666667,0.8855555555555555,0.6523666666666667
2019-06-21,-0.4705777777777778,0.055768437076681714,0.3643929457635773,0.06255555555555556,0.035444444444444445,0.9018888888888891,0.22456666666666672
2019-06-22,-0.4540111111111112,0.16790863879056048,0.4614804784872948,0.115,0.03322222222222223,0.8518888888888889,0.4436222222222223
2019-06-23,-0.9885666666666668,0.07224623355464314,0.40550586283855694,0.0907777777777778,0.04522222222222223,0.8642222222222222,0.5444222222222223
2019-06-24,-0.6909222222222222,0.12915450023836916,0.3823043449645575,0.08488888888888889,0.037333333333333336,0.8778888888888888,0.5138888888888888
2019-06-25,-0.3364222222222222,0.10532969807011774,0.4073281045310302,0.1022222222222222,0.027999999999999997,0.8698888888888888,0.8000111111111112
2019-06-26,-0.7375111111111111,0.16563604408714494,0.5085419470501716,0.129,0.035666666666666666,0.8354444444444444,0.6958888888888888
2019-06-27,-0.5641888888888889,0.09461191743145048,0.4031506404543797,0.08911111111111111,0.04211111111111112,0.8688888888888888,0.293
2019-06-28,-0.9796777777777778,0.15584177125811915,0.4603005617111025,0.098,0.035333333333333335,0.8667777777777779,0.28350000000000003
2019-06-29,-0.4986444444444445,0.10189740237447004,0.3370049946891137,0.08777777777777776,0.031777777777777766,0.8804444444444444,0.2970777777777778
2019-06-30,-0.7482888888888888,0.07557442715953577,0.23245849447092135,0.06811111111111111,0.02588888888888889,0.9059999999999999,0.5087777777777779
2019-07-01,-0.2436111111111111,0.12316300781851247,0.36651311640558704,0.10322222222222224,0.022333333333333337,0.8747777777777778,0.8173777777777776
2019-07-02,-0.8814666666666667,0.08127458015270053,0.3277623964635904,0.08177777777777777,0.03266666666666667,0.8854444444444444,0.6777111111111112
2019-07-03,-0.2897888888888889,0.06221355547522243,0.4316805973292212,0.06422222222222222,0.058000000000000024,0.8780000000000001,0.3759444444444444
2019-07-04,-0.5737444444444446,0.15053672767688206,0.45223281694173606,0.1111111111111111,0.02711111111111111,0.8620000000000001,0.948122222222222
2019-07-05,-0.5282222222222223,0.1121818328875861,0.4259629029609687,0.09033333333333336,0.028333333333333332,0.8817777777777778,0.7584888888888889
2019-07-06,-0.6113111111111109,0.04310234109117462,0.18909706879995175,0.06622222222222222,0.012777777777777777,0.921,0.4423444444444444
2019-07-07,-0.5081222222222221,0.09764993282628603,0.3691042015635112,0.08433333333333333,0.03655555555555556,0.8792222222222222,0.8809444444444444
2019-07-08,-0.5587888888888889,0.1440443925848161,0.4422380641004085,0.114,0.045888888888888896,0.84,0.5491555555555556
2019-07-09,-0.7433,0.059400815715361675,0.3676644469253186,0.07455555555555554,0.03888888888888889,0.8864444444444444,0.6095
2019-07-10,-0.7560666666666667,0.12902532079244164,0.4549674523397166,0.1002222222222222,0.03888888888888889,0.8611111111111112,0.5667222222222222
2019-07-11,-0.7456111111111111,0.10087073095536506,0.387485858224664,0.08055555555555555,0.03833333333333334,0.8811111111111111,0.3208111111111112
2019-07-12,-0.2195444444444445,0.07861625900207528,0.4646487050604727,0.08633333333333333,0.052777777777777785,0.8607777777777778,0.4813555555555556
2019-07-13,-0.5511444444444444,0.06917526787747376,0.3422672080294898,0.07733333333333332,0.037111111111111116,0.8852222222222221,0.5274
2019-07-14,-0.5516444444444445,0.07911449779629151,0.3623739251608781,0.08377777777777777,0.03555555555555556,0.8805555555555555,0.4592888888888889
2019-07-15,-0.7781444444444445,0.07519066746528312,0.3750814710109517,0.09033333333333332,0.05255555555555555,0.8568888888888889,0.4231555555555555
2019-07-16,-0.7855888888888889,0.08279381510469408,0.3958153603599989,0.08222222222222221,0.050777777777777776,0.8669999999999999,0.3649111111111111
2019-07-17,-0.7641666666666667,0.22495046859241025,0.4344639974213773,0.13122222222222224,0.05833333333333333,0.8103333333333335,0.18552222222222226
2019-07-18,-0.7395111111111111,0.07768522488495253,0.33675617718681,0.07700000000000001,0.054444444444444434,0.8684444444444445,0.28492222222222224
2019-07-19,-0.9453666666666668,0.12579404842443315,0.4412885540902967,0.09888888888888887,0.03544444444444444,0.8655555555555555,0.7367666666666667
2019-07-20,-0.5589888888888888,0.07680028049046167,0.4100626171375125,0.09344444444444444,0.05655555555555555,0.8495555555555554,0.7495666666666667
2019-07-21,-0.9568,0.080493369740961,0.3746017843802813,0.08199999999999999,0.04766666666666667,0.8702222222222221,0.6345333333333333
2019-07-22,-0.7946444444444444,0.06146622107529124,0.3720350414929716,0.0871111111111111,0.061777777777777786,0.851,0.13824444444444448
2019-07-23,-0.7036666666666666,0.08581634258606217,0.3838990918879416,0.08033333333333333,0.04688888888888889,0.8729999999999999,0.5566777777777777
2019-07-24,-0.9728111111111112,0.06949040163487513,0.4083215706444919,0.09944444444444442,0.06955555555555555,0.8312222222222222,0.1847444444444445
2019-07-25,-0.33038888888888884,0.07358429116471528,0.3511951657828851,0.06555555555555556,0.044555555555555564,0.8897777777777777,0.4474888888888889
2019-07-26,-0.5286222222222222,0.05927810463797159,0.36924440265698216,0.08277777777777777,0.03944444444444445,0.8777777777777777,0.5733222222222222
2019-07-27,-0.8176999999999999,0.04594969223611056,0.2271782841246903,0.050888888888888886,0.025444444444444447,0.9237777777777778,0.3351333333333333
2019-07-28,-0.6577222222222221,0.05698601744234465,0.3085791937731738,0.066,0.04244444444444444,0.8914444444444444,0.2136222222222222
2019-07-29,-0.5177111111111111,0.1031789473917131,0.3980399230398324,0.0991111111111111,0.032888888888888884,0.868111111111111,0.9631444444444444
2019-07-30,-0.17626666666666674,0.08321441146816619,0.4102574898529207,0.08211111111111111,0.04566666666666667,0.8722222222222222,0.4800111111111111
2019-07-31,-0.5188111111111111,0.08846929612362567,0.3782335127563304,0.10211111111111112,0.03511111111111112,0.8631111111111109,0.7828
2019-08-01,-0.525411111111111,0.09365093185786223,0.3767501604849557,0.10099999999999999,0.04055555555555556,0.8583333333333332,0.7731444444444445
2019-08-02,-0.5247222222222221,0.09199358652882128,0.3942249055332756,0.09233333333333332,0.024777777777777774,0.8828888888888891,0.8038000000000001
2019-08-03,-0.1951777777777778,0.07975868905987266,0.3885568524800919,0.11766666666666666,0.03877777777777778,0.8436666666666666,0.7710777777777778
2019-08-04,-0.9548111111111109,0.07891728893206025,0.3773240186784076,0.08055555555555556,0.04444444444444445,0.8753333333333334,0.5519111111111111
2019-08-05,-0.5986444444444445,0.05211961318281408,0.32489728106892274,0.07688888888888888,0.04133333333333333,0.8818888888888888,0.6164777777777778
2019-08-06,-0.5535555555555556,0.13992952474315132,0.4357907045021944,0.11,0.04600000000000001,0.8442222222222223,0.5343555555555555
2019-08-07,-0.9656111111111112,0.0943788891369172,0.4142577323670673,0.07277777777777777,0.046000000000000006,0.8811111111111112,0.32934444444444444
2019-08-08,-0.7407111111111112,0.08328907667088495,0.3743161376698024,0.09122222222222222,0.04711111111111112,0.8614444444444445,0.5008
2019-08-09,-0.8797333333333334,0.06560316743469995,0.3369461892861392,0.068,0.05155555555555556,0.8808888888888888,0.23460000000000006
2019-08-10,-0.6419222222222223,0.037847192650990534,0.24898326821564204,0.048444444444444436,0.04911111111111111,0.9025555555555556,0.11214444444444444
2019-08-11,-0.8986222222222222,0.08043853885778965,0.3283737046199523,0.06777777777777777,0.04566666666666668,0.8864444444444444,0.5284777777777777
2019-08-12,-0.9684444444444446,0.09134049180101414,0.40642952444267305,0.06822222222222223,0.03744444444444445,0.8943333333333333,0.4847111111111112
2019-08-13,-0.5420111111111111,0.06985822653599566,0.37557626953493706,0.09744444444444443,0.019,0.8836666666666666,0.9832666666666668
2019-08-14,-0.4564777777777778,0.06563902283515774,0.3320350869546338,0.0788888888888889,0.02155555555555556,0.8991111111111109,0.6323888888888889
2019-08-15,-0.26525555555555563,0.1274639184953731,0.4399802811805171,0.11,0.03144444444444445,0.8585555555555557,0.8033222222222222
2019-08-16,-0.4535222222222222,0.08204126767209496,0.3887428788816661,0.08066666666666666,0.021888888888888892,0.8973333333333334,0.8461
2019-08-17,-0.6669333333333333,0.03596261137332764,0.32071585271125336,0.05744444444444445,0.03422222222222223,0.9084444444444444,0.4253222222222222
2019-08-18,-0.6781222222222223,0.09357074763081832,0.3640108382555428,0.102,0.03955555555555555,0.8585555555555556,0.6708777777777778
2019-08-19,-0.6476777777777777,0.04125971653399542,0.2231407967818405,0.054000000000000006,0.036000000000000004,0.9101111111111112,0.26216666666666666
2019-08-20,-0.4834222222222223,0.0786693809868785,0.3889824034659195,0.08244444444444443,0.04244444444444445,0.8751111111111111,0.5211555555555556
2019-08-21,-0.34735555555555553,0.07182787213967437,0.3528053527888944,0.08433333333333333,0.04555555555555555,0.87,0.4574
2019-08-22,-0.5365444444444445,0.09258291363920028,0.3741567191380793,0.07866666666666668,0.028888888888888888,0.8922222222222224,0.7983222222222222
2019-08-23,-0.966577777777778,0.09554388569694056,0.4057755027798722,0.08411111111111111,0.05177777777777778,0.8642222222222222,0.5218
2019-08-24,-0.5172666666666667,0.08352068274719827,0.3776642172908927,0.08766666666666667,0.049666666666666665,0.8625555555555555,0.6918
2019-08-25,-0.9473222222222222,0.07682122357667841,0.4431288454033794,0.09977777777777776,0.0498888888888889,0.8505555555555556,0.7431666666666668
2019-08-26,-0.9335555555555556,0.07272332361701024,0.35447929983311466,0.08133333333333333,0.04677777777777778,0.8717777777777777,0.4958555555555556
2019-08-27,-0.7544,0.0767221075296336,0.3715691758684385,0.07455555555555557,0.04833333333333333,0.8771111111111112,0.12312222222222224
2019-08-28,-0.7266222222222223,0.10649885334379107,0.44323448221427547,0.11666666666666667,0.027444444444444445,0.8558888888888891,0.8470111111111112
2019-08-29,-0.3139888888888889,0.14539894656890065,0.4510208172523377,0.10788888888888888,0.047444444444444435,0.8448888888888889,0.635588888888889
2019-08-30,-0.552,0.0966703858945364,0.3888623774613752,0.09277777777777778,0.036777777777777784,0.8705555555555555,0.5491444444444444
2019-08-31,-0.5356666666666666,0.10992615782199988,0.4567517945054838,0.108,0.040999999999999995,0.8511111111111109,0.7529333333333335
2019-09-01,-0.6998555555555556,0.05579551960893657,0.31605043214487244,0.08666666666666666,0.027000000000000003,0.8862222222222222,0.8722
2019-09-02,-0.5152,0.05114121096653061,0.35863529769178576,0.0871111111111111,0.05,0.8626666666666668,0.23514444444444446
2019-09-03,-0.7017555555555555,0.03555447711679312,0.2663640967946686,0.06522222222222224,0.034333333333333334,0.9005555555555556,0.23216666666666674
2019-09-04,-0.5169111111111111,0.09225485856417093,0.3851275821309709,0.10222222222222224,0.04677777777777778,0.851,0.6664555555555557
2019-09-05,-0.9586,0.1299784450775858,0.4567405323681939,0.083,0.03666666666666667,0.8804444444444446,0.4288111111111112
2019-09-06,-0.9615555555555556,0.10428261024287984,0.4096972344535284,0.09766666666666668,0.025,0.8772222222222221,0.8285888888888889
2019-09-07,-0.4850444444444444,0.09255637254927053,0.3748778551370173,0.07688888888888888,0.032,0.8911111111111111,0.4903333333333333
2019-09-08,-0.7115555555555555,0.06342076107143517,0.3269665911159759,0.08299999999999999,0.04022222222222222,0.8768888888888888,0.7694666666666666
2019-09-09,-0.7680444444444444,0.057838151861660726,0.3477779970323638,0.092,0.04477777777777777,0.8633333333333333,0.6998666666666666
2019-09-10,-0.7017555555555556,0.0960108120947016,0.4353482545322861,0.09611111111111108,0.03544444444444445,0.8684444444444444,0.9570777777777776
2019-09-11,-0.34125555555555565,0.08043335354739536,0.4015392808066482,0.0951111111111111,0.02866666666666667,0.8758888888888889,0.966677777777778
2019-09-12,-0.7398333333333335,0.07870519009970874,0.3839138641687876,0.08188888888888887,0.04322222222222222,0.8748888888888888,0.7010444444444445
2019-09-13,-0.4656222222222222,0.09589099849315888,0.4134260424941443,0.09833333333333333,0.047,0.8547777777777777,0.6865444444444445
2019-09-14,-0.22223333333333334,0.07121798331965032,0.31375799132183,0.08977777777777779,0.02788888888888889,0.8823333333333333,0.3465777777777778
2019-09-15,-0.8503111111111109,0.04057650860184837,0.2505430961010405,0.05044444444444445,0.052555555555555564,0.8971111111111111,0.07481111111111112
2019-09-16,-0.5551777777777778,0.10966750794229434,0.4078942890167764,0.078,0.049,0.8728888888888889,0.34894444444444445
2019-09-17,-0.2972666666666666,0.0897058929536713,0.38017492952879933,0.08788888888888888,0.029666666666666668,0.8825555555555556,0.7496888888888891
2019-09-18,-0.5292777777777778,0.06474683608459865,0.3802448192167841,0.09911111111111112,0.03644444444444445,0.8643333333333333,0.5529333333333333
2019-09-19,-0.13151111111111108,0.06747324704439629,0.4131847115925321,0.09144444444444444,0.02755555555555556,0.8806666666666668,0.8532444444444445
2019-09-20,-0.2492,0.09874151516161904,0.42666340758098187,0.11900000000000001,0.03322222222222223,0.8476666666666667,0.7824888888888889
2019-09-21,-0.4685777777777778,0.09357716947135833,0.4413415318561616,0.10944444444444444,0.03822222222222222,0.8519999999999999,0.9255333333333334
2019-09-22,-0.6393777777777778,0.09325755941841242,0.40861279696445374,0.09733333333333334,0.043111111111111114,0.8595555555555555,0.6059333333333333
2019-09-23,-0.7367111111111111,0.06657662356745933,0.3298123354403202,0.06122222222222221,0.049888888888888885,0.8891111111111109,0.1174666666666667
2019-09-24,-0.3455999999999999,0.10051201042594214,0.34284880176308713,0.06944444444444445,0.03433333333333334,0.8963333333333333,0.6301666666666667
2019-09-25,0.08064444444444446,0.07766034676749832,0.27920252790118383,0.06577777777777777,0.029333333333333336,0.904777777777778,0.4671888888888889
2019-09-26,-0.5515777777777777,0.1554340162026296,0.4786287011416825,0.11555555555555555,0.04133333333333333,0.8430000000000001,0.3064
2019-09-27,-0.7227666666666666,0.05774608100271378,0.34242844714647386,0.06822222222222221,0.03222222222222223,0.8997777777777777,0.4137222222222222
2019-09-28,-0.1481555555555555,0.08567624007324702,0.3785703733099859,0.085,0.03411111111111111,0.8808888888888888,0.6789111111111111
2019-09-29,-0.5650222222222223,0.09664906934685456,0.4236429624412649,0.08633333333333333,0.04877777777777778,0.8648888888888888,0.8437888888888888
2019-09-30,-0.7278222222222221,0.08602492612190656,0.3407965684020637,0.09588888888888887,0.045000000000000005,0.8590000000000001,0.6139444444444444
2019-10-01,-0.6930111111111112,0.08483131374879542,0.3926053718842041,0.08655555555555555,0.05622222222222222,0.8573333333333334,0.4915222222222223
2019-10-02,-0.5060555555555556,0.0965501918779182,0.3915594980221097,0.09211111111111113,0.04355555555555555,0.8640000000000001,0.8446555555555555
2019-10-03,-0.9736555555555556,0.15804798576336854,0.4580659002741695,0.10733333333333334,0.04722222222222222,0.8455555555555556,0.2544666666666667
2019-10-04,-0.13401111111111114,0.056726056705899634,0.4250392595727245,0.07966666666666666,0.08344444444444442,0.8368888888888889,0.3086333333333333
2019-10-05,-0.6813333333333333,0.051508952425971984,0.3055897008113147,0.06322222222222222,0.04066666666666666,0.8959999999999999,0.42686666666666667
2019-10-06,-0.5914777777777778,0.050641117723770966,0.2934805664381905,0.07366666666666666,0.04244444444444445,0.8837777777777778,0.5775222222222222
2019-10-07,-0.9033111111111112,0.06387504459384974,0.32012803089032155,0.07022222222222224,0.04755555555555555,0.8824444444444444,0.3236333333333333
2019-10-08,-0.7138666666666666,0.05697983941937576,0.3153539578865393,0.04944444444444445,0.050333333333333334,0.9005555555555556,-0.1988
2019-10-09,-0.27936666666666665,0.12563441036628412,0.36864971853494777,0.09033333333333332,0.02333333333333333,0.8863333333333333,0.7824555555555556
2019-10-10,-0.7327555555555555,0.06876702965950203,0.3538594999381851,0.07588888888888888,0.04322222222222222,0.8808888888888888,0.11222222222222222
2019-10-11,-0.9562666666666668,0.1029351610075671,0.38314947359745066,0.08622222222222223,0.03466666666666667,0.8792222222222222,0.5057888888888888
2019-10-12,0.0994222222222222,0.10881902885886878,0.3656465549758637,0.083,0.031222222222222224,0.8859999999999999,0.8757222222222222
2019-10-13,-0.5510666666666666,0.09011942055703463,0.2944429026729567,0.08422222222222223,0.03133333333333334,0.8846666666666666,0.5628222222222222
2019-10-14,-0.08522222222222223,0.08132274817520707,0.37243382043197903,0.10777777777777778,0.05055555555555556,0.841777777777778,0.7762111111111111
2019-10-15,-0.4671444444444444,0.14535198628484602,0.2842742903940421,0.08233333333333333,0.018111111111111116,0.8995555555555556,0.2883222222222222
2019-10-16,-0.5579444444444445,0.07575151921534788,0.42796176752587495,0.08644444444444442,0.04,0.8735555555555555,0.7908444444444443
2019-10-17,-0.31091111111111114,0.11557330540334546,0.42329296412000217,0.10322222222222224,0.037555555555555564,0.8590000000000001,0.8934111111111109
2019-10-18,-0.5131999999999999,0.08159629155645631,0.4373502400852856,0.10466666666666666,0.060777777777777785,0.8345555555555555,0.3793111111111112
2019-10-19,-0.7545888888888889,0.0993953010032384,0.4145803749852059,0.08722222222222223,0.04611111111111112,0.8664444444444445,0.6674
2019-10-20,-0.7782888888888888,0.06578041146185026,0.4051459410238636,0.09466666666666668,0.060555555555555564,0.8446666666666666,0.42572222222222217
2019-10-21,0.08884444444444442,0.11146688546712263,0.35358141632888623,0.09966666666666664,0.018444444444444444,0.8820000000000001,0.8719
2019-10-22,-0.3224222222222222,0.09901584066339476,0.4245241868160878,0.0957777777777778,0.04411111111111112,0.8602222222222221,0.5591555555555554
2019-10-23,-0.5835444444444444,0.043426829388686534,0.3920355844905759,0.08122222222222224,0.056888888888888885,0.8616666666666667,0.31427777777777777
2019-10-24,-0.6941444444444445,0.06054709645965425,0.2881530902022893,0.06777777777777777,0.038000000000000006,0.8943333333333333,0.4776000000000001
2019-10-25,-0.9957666666666668,0.11119672730136472,0.4060631872731699,0.09333333333333332,0.04011111111111111,0.8665555555555555,0.5034777777777778
2019-10-26,-0.9180444444444444,0.052055803865408486,0.3078144106551617,0.06888888888888887,0.04755555555555555,0.8835555555555555,0.3981333333333333
2019-10-27,-0.7430000000000001,0.0659387090271994,0.4078758716288802,0.08411111111111112,0.05155555555555556,0.8642222222222222,0.3858111111111111
2019-10-28,-0.7692111111111111,0.0660211826150944,0.35156503293966684,0.0748888888888889,0.034,0.8913333333333333,0.6384888888888889
2019-10-29,-0.7357222222222222,0.08208501093245105,0.3645325165758705,0.08622222222222223,0.03866666666666667,0.8751111111111112,0.7079111111111112
2019-10-30,-0.8738888888888888,0.08192186033365112,0.2797079219047304,0.07211111111111111,0.01933333333333333,0.9086666666666664,0.4066666666666667
2019-10-31,-0.7185888888888888,0.14504369716097593,0.4507876742058714,0.11433333333333333,0.03866666666666668,0.8473333333333333,0.8360555555555557
2019-11-01,-0.5148111111111111,0.0663058268505397,0.34227652220302945,0.08433333333333333,0.04044444444444445,0.8752222222222223,0.5336111111111111
2019-11-02,-0.5971444444444445,0.06591907492354641,0.4010115122641695,0.1,0.03688888888888889,0.8632222222222222,0.9803444444444442
2019-11-03,-0.5682,0.05705206255281867,0.3955476748190129,0.08099999999999999,0.05999999999999999,0.8589999999999999,0.3059222222222221
2019-11-04,-0.9421444444444445,0.0643226981485556,0.3604818503116761,0.08277777777777777,0.057999999999999996,0.8591111111111109,0.27986666666666665
2019-11-05,-0.9909666666666668,0.1229675002270833,0.4280863915763368,0.10733333333333334,0.05055555555555556,0.8421111111111111,0.4612555555555555
2019-11-06,-0.7764777777777777,0.11956773350109992,0.4213070676481598,0.09277777777777776,0.050888888888888886,0.8564444444444443,0.4263555555555556
2019-11-07,-0.7732000000000001,0.045110181442441416,0.3815411349566335,0.08133333333333333,0.056777777777777774,0.8618888888888889,0.3020222222222222
2019-11-08,-0.13262222222222222,0.1113272320364648,0.4551108486019868,0.09622222222222222,0.034666666666666665,0.8691111111111112,0.7735111111111109
2019-11-09,-0.6918222222222222,0.07606714903819857,0.3653586658262141,0.08055555555555555,0.04411111111111112,0.8755555555555556,0.8155111111111111
2019-11-10,-0.5442888888888889,0.10156704779614792,0.4423836846899566,0.10544444444444442,0.044,0.8505555555555554,0.7489888888888889
2019-11-11,-0.7071666666666667,0.0934844553992772,0.33545717548166193,0.07933333333333334,0.03266666666666666,0.888,0.6081
2019-11-12,-0.5020111111111112,0.13591624974622632,0.4430221699729775,0.10266666666666666,0.039444444444444435,0.8577777777777779,0.5916999999999999
2019-11-13,-0.7514111111111111,0.08765069440126033,0.39454552018417705,0.08833333333333332,0.035,0.8766666666666667,0.4783666666666666
2019-11-14,-0.8723666666666667,0.03650571120288047,0.30966840889147673,0.06233333333333334,0.05144444444444444,0.8861111111111111,0.3013333333333333
2019-11-15,-0.5802111111111111,0.07155515214391868,0.36195279973018296,0.08188888888888889,0.05411111111111111,0.8640000000000001,0.3609555555555555
2019-11-16,-0.6055777777777778,0.08696735492876387,0.4274276893932502,0.1017777777777778,0.044888888888888895,0.8533333333333335,0.9325555555555556
2019-11-17,0.09834444444444444,0.0985264577411556,0.33866158204762914,0.07644444444444445,0.03277777777777778,0.8907777777777777,0.3742444444444445
2019-11-18,-0.7426888888888887,0.1009079710691864,0.3656150805945579,0.09544444444444446,0.038111111111111116,0.8664444444444444,0.7226333333333333
2019-11-19,-0.7553888888888891,0.0984564585689626,0.4130043038536528,0.0941111111111111,0.035444444444444445,0.8703333333333334,0.623911111111111
2019-11-20,-0.2321888888888889,0.14755093099215122,0.4334901806965681,0.11666666666666665,0.014777777777777782,0.8682222222222222,0.9605111111111109
2019-11-21,-0.7489444444444444,0.05523511072552209,0.3446443773455191,0.08377777777777777,0.036777777777777784,0.8793333333333334,0.4562888888888888
2019-11-22,-0.5944666666666667,0.04775233479940032,0.39147397643040216,0.08544444444444445,0.047333333333333324,0.8671111111111109,0.5029888888888889
2019-11-23,-0.40593333333333337,0.16263012858993786,0.4386934196357257,0.11233333333333333,0.042888888888888886,0.8448888888888889,0.5334333333333334
2019-11-24,-0.6945666666666667,0.13996752208859425,0.3658586720462491,0.0902222222222222,0.03255555555555556,0.8771111111111108,0.7318222222222222
2019-11-25,-0.5308111111111111,0.05443159666254671,0.3060555523863914,0.06922222222222223,0.043777777777777784,0.8871111111111111,0.2282
2019-11-26,-0.5260222222222222,0.11861852262170801,0.3782250524920307,0.10422222222222224,0.03555555555555556,0.8602222222222223,0.9092555555555556
2019-11-27,-0.7304777777777779,0.059827877338822374,0.3963624173937681,0.07200000000000001,0.04566666666666667,0.8824444444444444,0.4685111111111111
2019-11-28,-0.8174333333333332,0.08242817948644147,0.4067432537564085,0.09588888888888887,0.03833333333333333,0.8657777777777778,0.6076111111111112
2019-11-29,-0.8014444444444444,0.04919636959166572,0.3736956400508916,0.08055555555555555,0.06522222222222222,0.8542222222222222,0.09143333333333334
2019-11-30,-0.9136666666666668,0.05651691553625344,0.3850393851663014,0.07944444444444444,0.04855555555555557,0.8714444444444445,0.5164333333333334
2019-12-01,-0.7270888888888889,0.07683768833144193,0.3391611349093529,0.07366666666666666,0.04155555555555555,0.8849999999999999,0.24511111111111106
2019-12-02,-0.7030444444444445,0.07324073363433486,0.3895121995167055,0.08344444444444445,0.052333333333333336,0.8641111111111112,0.6281111111111112
2019-12-03,-0.6429222222222223,0.06590783892045488,0.4012952367750981,0.09477777777777778,0.059,0.8461111111111109,0.5266777777777778
2019-12-04,-0.7333222222222222,0.12385503784703443,0.430312533235676,0.10333333333333332,0.03588888888888889,0.8608888888888891,0.8093333333333333
2019-12-05,-0.28607777777777765,0.08037903501086681,0.3756044556881909,0.08766666666666666,0.03511111111111112,0.8773333333333333,0.7383555555555555
2019-12-06,-0.7841666666666667,0.09661728226185147,0.408549058925918,0.09088888888888888,0.04177777777777778,0.8671111111111113,0.5858555555555555
2019-12-07,-0.8776,0.056597848048770986,0.3093405413362115,0.06377777777777778,0.029222222222222226,0.9071111111111112,0.4997666666666666
2019-12-08,-0.6357111111111111,0.08215953123972983,0.32451760763459325,0.08833333333333332,0.03777777777777777,0.8743333333333334,0.4991666666666668
2019-12-09,-0.7831555555555556,0.13406221608654606,0.4581663742416338,0.09266666666666666,0.031222222222222224,0.8761111111111111,0.5943111111111111
2019-12-10,-0.6379333333333332,0.06502742860279558,0.3881119162742697,0.09377777777777778,0.05833333333333333,0.8480000000000001,0.5227777777777778
2019-12-11,-0.7031333333333334,0.07016746465212463,0.40704003916211406,0.0901111111111111,0.05477777777777778,0.8553333333333334,0.3781888888888889
2019-12-12,0.12271111111111113,0.05903354180618346,0.2518172043457105,0.07400000000000001,0.02311111111111111,0.9028888888888889,0.5530666666666666
2019-12-13,-0.5633,0.07612629756121901,0.3320749814155821,0.08044444444444446,0.047444444444444435,0.8721111111111111,0.3558111111111112
2019-12-14,-0.7166777777777779,0.09466738804661452,0.4217237340549244,0.08177777777777777,0.0598888888888889,0.8582222222222222,0.4980555555555555
2019-12-15,-0.4917444444444444,0.1402632864807314,0.4176742722771393,0.10355555555555557,0.03444444444444445,0.8620000000000001,0.6158333333333332
2019-12-16,-0.7524444444444446,0.0908542056207647,0.36178041492353663,0.07244444444444444,0.045555555555555564,0.8820000000000001,0.2609222222222222
2019-12-17,-0.7546999999999999,0.05254498104451225,0.4074051140074129,0.07766666666666666,0.07055555555555555,0.8517777777777779,0.042099999999999985
2019-12-18,-0.522811111111111,0.07788724298481822,0.399411317136502,0.07955555555555556,0.04266666666666667,0.8776666666666667,0.41653333333333337
2019-12-19,-0.9268444444444444,0.101881653347421,0.4101547011643384,0.10444444444444444,0.05477777777777778,0.8407777777777778,0.5549333333333334
2019-12-20,-0.1127888888888889,0.13530615016924066,0.4356866587895034,0.11955555555555555,0.04688888888888889,0.8335555555555556,0.5585555555555556
2019-12-21,-0.4258333333333333,0.07620490753144635,0.3741441986847767,0.08244444444444445,0.032777777777777774,0.8847777777777778,0.6814222222222222
2019-12-22,-0.5051777777777777,0.08434184390736922,0.34208677910438445,0.07833333333333331,0.04144444444444444,0.8802222222222222,0.6842555555555555
2019-12-23,-0.5721222222222221,0.07130846033238984,0.3524007455090692,0.06822222222222223,0.03177777777777778,0.8998888888888891,0.6839555555555558
2019-12-24,-0.5410111111111111,0.05677764625490408,0.31171061621589496,0.0818888888888889,0.03844444444444444,0.8793333333333333,0.3876222222222222
2019-12-25,-0.8798777777777776,0.07210833700657181,0.3327216688871017,0.06733333333333333,0.04722222222222222,0.8857777777777778,-0.025399999999999992
2019-12-26,-0.3681111111111111,0.06326277434990095,0.34543333280848904,0.07977777777777778,0.05122222222222222,0.8691111111111112,0.4334333333333333
2019-12-27,-0.8046,0.042940347023817715,0.4068446092582157,0.09255555555555556,0.06422222222222222,0.8431111111111109,0.6606222222222223
2019-12-28,-0.4692444444444444,0.0747963927074382,0.28374784384343404,0.062333333333333324,0.03366666666666667,0.9038888888888892,0.4379888888888889
2019-12-29,-0.3715555555555556,0.1197373544557374,0.43271904149527424,0.0957777777777778,0.046555555555555565,0.8576666666666667,0.5317111111111111
2019-12-30,-0.3251777777777777,0.06940361461691673,0.37155478443986456,0.08422222222222221,0.03911111111111111,0.8764444444444445,0.5060666666666667

